,Weekly_Sales
0,1643690.9
1,1641957.44
2,1611968.17
3,1409727.59
4,1554806.68
5,1439541.59
6,1472515.79
7,1404429.92
8,1594968.28
9,1545418.53
10,1466058.28
11,1391256.12
12,1425100.71
13,1603955.12
14,1494251.5
15,1399662.07
16,1432069.95
17,1615524.71
18,1542561.09
19,1503284.06
20,1422711.6
21,1492418.14
22,1546074.18
23,1448938.92
24,1385065.2
25,1371986.6
26,1605491.78
27,1508237.76
28,1513080.49
29,1449142.92
30,1540163.53
31,1507460.69
32,1430378.67
33,1351791.03
34,1453329.5
35,1508239.93
36,1459409.1
37,1345454.0
38,1384209.22
39,1551659.28
40,1494479.49
41,1483784.18
42,1955624.11
43,1548033.78
44,1682614.26
45,1891034.93
46,2387950.2
47,1367320.01
48,1444732.28
49,1391013.96
50,1327405.42
51,1316899.31
52,1606629.58
54,1686842.78
55,1456800.28
56,1636263.41
58,1576818.06
59,1541102.38
60,1495064.75
61,1614259.35
62,1559889.0
63,1564819.81
64,1455090.69
65,1629391.28
66,1604775.58
67,1428218.27
68,1466046.67
69,1635078.41
71,1532114.86
72,1438830.15
73,1488538.09
74,1534849.64
75,1455119.97
76,1396926.82
77,1352219.79
78,1624383.75
80,1530761.43
81,1464693.46
82,1550229.22
83,1540471.24
84,1514259.78
87,1630989.95
91,1697229.58
95,1584083.95
96,1799682.38
143,2136989.46
144,2137809.5
145,2124451.54
146,1865097.27
147,1991013.13
148,1990483.78
149,1946070.88
150,1750197.81
151,2066187.72
152,1954689.21
153,1874957.94
154,1821990.93
155,1802450.29
156,2042581.71
157,1880752.36
158,1896937.1
159,1957113.89
160,2102539.93
161,2025538.76
162,2001636.96
163,1939927.09
164,2003940.64
165,1880902.62
166,1845879.79
167,1781717.71
168,1804246.16
169,1991909.98
170,1895601.05
171,1964335.23
172,1863840.49
173,1904608.09
174,1839128.83
175,1793903.6
176,1724557.22
177,1827440.43
178,1849921.44
179,1794355.49
180,1737947.64
181,1802755.11
182,1939061.41
183,1916812.74
184,1956739.17
185,2658725.29
186,2015781.27
187,2378726.55
188,2609166.75
189,3436007.68
190,1750434.55
191,1758050.79
192,1744193.58
193,1751384.9
194,1695371.68
195,1929346.23
197,2080884.82
198,1833511.08
199,1981607.78
201,1902557.66
202,1766162.05
203,1800171.36
204,1847552.61
205,1856467.84
206,1886339.6
207,1745545.28
208,1837743.6
209,1838513.07
210,1688281.86
211,1797732.56
212,1933756.21
214,1953771.99
215,1790925.8
216,1866243.0
217,1853161.99
218,1785187.29
219,1743816.41
220,1680693.06
221,1876704.26
223,1844094.59
224,1821139.91
225,1809119.7
226,1748000.65
227,1691439.52
230,1837553.43
234,1959707.9
238,1954952.0
239,2290549.32
286,461622.22
287,420728.96
288,421642.19
289,407204.86
290,415202.04
291,384200.69
292,375328.59
293,359949.27
294,423294.4
295,415870.28
296,354993.26
297,339976.65
298,361248.39
299,399323.86
300,384357.94
301,343763.17
302,350089.23
303,396968.8
304,355017.09
305,364076.85
306,357346.48
307,381151.72
308,349214.18
309,352728.78
310,352864.49
311,347955.05
312,402635.76
313,339597.38
314,351728.21
315,362134.09
316,366473.97
317,352260.97
318,363064.64
319,355626.87
320,358784.1
321,395107.35
322,345584.39
323,348895.98
324,348591.74
325,423175.56
326,386635.03
327,372545.32
328,565567.84
329,476420.77
330,467642.03
331,498159.39
332,605990.41
333,382677.76
334,378241.34
335,381061.1
336,350876.7
337,364866.24
338,438516.53
340,432782.1
341,397211.19
342,437084.51
344,392109.51
345,380683.67
346,374556.08
347,384075.31
348,366250.69
349,391860.04
350,367405.4
351,413042.12
352,386312.68
353,364603.13
354,369350.6
355,394507.84
357,403423.34
358,385520.71
359,368962.72
360,395146.24
361,373454.33
362,360617.37
363,345381.29
364,409981.25
366,379716.91
367,366367.55
368,375988.69
369,377347.49
370,375629.51
373,403342.4
377,459443.22
381,472511.32
382,468772.8
429,2135143.87
430,2188307.39
431,2049860.26
432,1925728.84
433,1971057.44
434,1894324.09
435,1897429.36
436,1762539.3
437,1979247.12
438,1818452.72
439,1851519.69
440,1802677.9
441,1817273.28
442,2000626.14
443,1875597.28
444,1903752.6
445,1857533.7
446,1903290.58
447,1870619.23
448,1929736.35
449,1846651.95
450,1881337.21
451,1812208.22
452,1898427.66
453,1848426.78
454,1796637.61
455,1907638.58
456,2007050.75
457,1997181.09
458,1848403.92
459,1935857.58
460,1865820.81
461,1899959.61
462,1810684.68
463,1842821.02
464,1951494.85
465,1867345.09
466,1927610.06
467,1933333.0
468,2013115.79
469,1999794.26
470,2097809.4
471,2789469.45
472,2102530.17
473,2302504.86
474,2740057.14
475,3526713.39
476,1794868.74
477,1862476.27
478,1865502.46
479,1886393.94
480,1814240.85
481,2119086.04
483,2316495.56
484,2078094.69
485,2103455.75
487,2116475.38
488,1944164.32
489,1900246.47
490,2074953.46
491,1960587.76
492,2220600.76
493,1878167.44
494,2063682.76
495,2002362.37
496,2015563.48
497,1986597.95
498,2065377.15
500,2141210.62
501,2008344.92
502,2051533.53
503,2066541.86
504,2049046.95
505,2036231.39
506,1989674.07
507,2160057.39
509,2232892.1
510,1988490.21
511,2078420.31
512,2093139.01
513,2075577.33
516,2166737.65
520,2281217.31
524,2180999.26
525,2508955.24
572,317173.1
573,311825.7
574,303447.57
575,270281.63
576,288855.71
577,297293.59
578,281706.41
579,273282.97
580,331406.0
581,328020.49
582,306858.69
583,288839.73
584,298697.84
585,333522.6
586,296673.77
587,301615.49
588,310013.11
589,337825.89
590,296641.91
591,313795.6
592,295257.3
593,305993.27
594,291808.87
595,280701.7
596,274742.63
597,268929.03
598,303043.02
599,286477.35
600,287205.38
601,288519.75
602,323798.0
603,306533.08
604,282558.65
605,293131.58
606,283178.12
607,290494.85
608,280681.2
609,284988.27
610,278031.81
611,325310.3
612,301827.36
613,297384.81
614,488362.61
615,344490.88
616,352811.53
617,367801.19
618,466010.25
619,298180.18
620,286347.26
621,260636.71
622,275313.34
623,279088.39
624,329613.2
626,356622.61
627,294659.5
628,329033.66
630,312177.67
631,294732.5
632,314316.55
633,307333.62
634,307913.58
635,328415.44
636,307291.56
637,322904.68
638,290930.01
639,299614.33
640,297149.69
641,329183.92
643,304811.82
644,302881.64
645,327093.89
646,310804.93
647,283248.62
648,292539.73
649,275142.17
650,317738.56
652,303643.84
653,310338.17
654,315645.53
655,321110.22
656,278529.71
659,309111.47
663,353652.23
667,376225.61
668,367433.77
715,1652635.1
716,1606283.86
717,1567138.07
718,1432953.21
719,1601348.82
720,1558621.36
721,1693058.91
722,1472033.38
723,1770333.9
724,1667181.82
725,1519846.36
726,1540435.99
727,1498080.16
728,1619920.04
729,1524059.4
730,1531938.44
731,1644470.66
732,1857380.09
733,1685652.35
734,1677248.24
735,1640681.88
736,1759777.25
737,1690317.99
738,1560120.8
739,1585240.92
740,1532308.78
741,1633241.59
742,1547654.98
743,1539930.5
744,1450766.12
745,1510925.32
746,1424225.44
747,1308537.75
748,1275591.84
749,1328468.89
750,1360317.9
751,1344580.92
752,1332716.53
753,1385323.7
754,1505442.15
755,1495536.46
756,1518841.45
757,2267452.4
758,1677067.24
759,1834737.58
760,2090268.95
761,2727575.18
762,1464050.02
763,1350441.68
764,1306194.55
765,1261253.18
766,1287034.7
767,1514999.17
769,1572117.54
770,1422600.43
771,1502617.99
773,1685375.47
774,1438465.81
775,1459276.77
776,1534594.0
777,1448797.02
778,1639358.93
779,1479249.9
780,1504651.57
781,1453185.65
782,1382783.83
783,1523979.11
784,1705506.29
786,1622150.33
787,1543365.9
788,1694551.15
789,1709373.62
790,1526801.24
791,1526506.08
792,1483991.05
793,1601584.57
795,1493544.04
796,1420405.41
797,1481618.74
798,1483574.38
799,1351407.79
802,1481739.2
806,1523420.38
810,1688531.34
811,1903385.14
858,496725.44
859,524104.92
860,506760.54
861,496083.24
862,491419.55
863,480452.1
864,574450.23
865,514731.6
866,561145.14
867,484263.25
868,406228.19
869,404751.25
870,373655.61
871,395453.83
872,372673.61
873,395195.65
874,442734.55
875,509183.22
876,498580.87
877,481144.09
878,553714.87
879,575570.77
880,593462.34
881,557166.35
882,570231.21
883,603547.16
884,643854.17
885,598185.4
886,582353.17
887,554309.24
888,532765.05
889,535769.32
890,489408.53
891,488008.83
892,448998.73
893,480239.88
894,463370.48
895,472450.81
896,465493.15
897,480512.44
898,507584.29
899,482528.36
900,835189.26
901,552811.62
902,599730.07
903,716388.81
904,1045124.88
905,729572.08
906,661163.94
907,547384.9
908,521539.46
909,513372.17
910,558027.77
912,572387.47
913,546690.84
914,551378.39
916,635014.69
917,559061.58
918,513409.67
919,500552.16
920,423380.14
921,466594.89
922,410429.73
923,407012.47
924,414094.05
925,424670.98
926,457216.87
927,542295.37
929,610991.35
930,640043.97
931,704344.21
932,761793.94
933,642748.21
934,688043.96
935,653382.62
936,695392.84
938,645156.21
939,629994.47
940,592355.24
941,613135.23
942,558981.45
945,525866.36
949,564536.01
953,591907.88
954,653845.45
1001,1004137.09
1002,994801.4
1003,963960.37
1004,847592.11
1005,881503.95
1006,860336.16
1007,839911.0
1008,772539.12
1009,914500.91
1010,916033.92
1011,882917.12
1012,850440.26
1013,778672.64
1014,916820.96
1015,873337.84
1016,818333.21
1017,868041.56
1018,958225.41
1019,914835.86
1020,869922.56
1021,814919.11
1022,852333.75
1023,845289.77
1024,848630.57
1025,785515.88
1026,787295.09
1027,893399.77
1028,867919.21
1029,870676.44
1030,888816.78
1031,899036.47
1032,831425.2
1033,836707.85
1034,773725.08
1035,804105.49
1036,870349.86
1037,826546.96
1038,836419.14
1039,830756.76
1040,927266.34
1041,911538.98
1042,885608.04
1043,1261693.16
1044,952766.93
1045,1069061.63
1046,1220579.55
1047,1511641.09
1048,773586.49
1049,873065.23
1050,809646.66
1051,822668.23
1052,782256.66
1053,944594.78
1055,1065108.64
1056,917317.15
1057,935266.43
1059,898289.14
1060,827968.36
1061,878762.3
1062,949825.83
1063,908278.74
1064,937473.13
1065,855014.77
1066,941457.34
1067,895763.41
1068,836049.89
1069,857939.41
1070,929222.16
1072,922048.41
1073,864881.24
1074,883683.35
1075,861965.12
1076,849925.37
1077,829902.42
1078,807082.19
1079,892393.77
1081,895066.5
1082,912542.82
1083,891387.14
1084,848358.09
1085,870971.82
1088,929976.55
1092,947815.05
1096,986601.46
1097,1051922.95
1144,549505.55
1145,552677.48
1146,511327.9
1147,473773.27
1148,507297.88
1149,494145.8
1150,485744.61
1151,484946.56
1152,545206.32
1153,529384.31
1154,485764.32
1155,488683.57
1156,491723.42
1157,526128.61
1158,492792.8
1159,506274.94
1160,558143.53
1161,586061.46
1162,522715.68
1163,513073.87
1164,509263.28
1165,528832.54
1166,485389.15
1167,474030.51
1168,462676.5
1169,468675.19
1170,522815.45
1171,481897.98
1172,499325.38
1173,506789.66
1174,511049.06
1175,484835.2
1176,463448.59
1177,452905.22
1178,495692.19
1179,505069.21
1180,454769.68
1181,466322.76
1182,508801.61
1183,517869.97
1184,520846.68
1185,519823.3
1186,768070.53
1187,578164.82
1188,618121.82
1189,685243.2
1190,873347.55
1191,459770.85
1192,490981.78
1193,458086.69
1194,454021.69
1195,463561.48
1196,544612.28
1198,610985.56
1199,513107.2
1200,542016.18
1202,515226.11
1203,497488.4
1204,520962.14
1205,561625.92
1206,528420.28
1207,549502.11
1208,532226.2
1209,545251.1
1210,539126.0
1211,518266.9
1212,553834.04
1213,587004.29
1215,558671.14
1216,538745.93
1217,537064.03
1218,535983.13
1219,512834.04
1220,491449.94
1221,471449.98
1222,554879.67
1224,540819.44
1225,542663.53
1226,544643.33
1227,528784.86
1228,500274.03
1231,553836.98
1235,597855.07
1239,613115.21
1240,630327.28
1287,2193048.75
1288,2176028.52
1289,2113432.58
1290,2006774.96
1291,1987090.09
1292,1941346.13
1293,1946875.06
1294,1893532.46
1295,2138651.97
1296,2041069.37
1297,1826241.44
1298,1829521.83
1299,1790694.59
1300,1921432.16
1301,1808056.41
1302,1847613.58
1303,1904618.17
1304,1931406.28
1305,1827521.71
1306,1837636.24
1307,1768172.31
1308,1845893.87
1309,1769793.37
1310,1828052.47
1311,1831676.03
1312,1832664.03
1313,1949236.09
1314,1962996.7
1315,1983190.56
1316,1727565.42
1317,1766331.45
1318,1720530.23
1319,1716755.78
1320,1655036.75
1321,1645892.97
1322,1772192.42
1323,1703850.25
1324,1740234.06
1325,1741308.56
1326,1832211.96
1327,1895901.59
1328,1949177.13
1329,2939946.38
1330,2251206.64
1331,2411790.21
1332,2811646.85
1333,3749057.69
1334,1707298.14
1335,1714309.9
1336,1710803.59
1337,1677556.18
1338,1715769.05
1339,1968045.91
1341,2106934.55
1342,1967996.71
1343,1958003.19
1345,1884734.31
1346,1815798.85
1347,1827733.18
1348,1870720.73
1349,1781767.22
1350,2004831.14
1351,1873646.34
1352,1841369.99
1353,1712995.44
1354,1720908.01
1355,1743000.38
1356,1792210.89
1358,1817934.76
1359,1711813.13
1360,1751369.75
1361,1699708.38
1362,1775068.4
1363,1774342.61
1364,1745841.33
1365,1886299.98
1367,1954849.68
1368,1728399.07
1369,1758587.35
1370,1670579.82
1371,1650894.3
1374,1788227.6
1378,1904438.59
1382,2068097.18
1383,2429310.9
1430,1528008.64
1431,1574684.08
1432,1503298.7
1433,1336404.65
1434,1426622.65
1435,1331883.16
1436,1364207.0
1437,1245624.27
1438,1446210.26
1439,1470308.32
1440,1323243.35
1441,1283766.55
1442,1239766.89
1443,1312329.78
1444,1266796.13
1445,1271646.62
1446,1264272.52
1447,1396322.19
1448,1339570.85
1449,1336522.92
1450,1262025.08
1451,1302600.14
1452,1280156.47
1453,1290609.54
1454,1244390.03
1455,1250178.89
1456,1369634.92
1457,1384339.1
1458,1430192.37
1459,1311263.07
1460,1303914.27
1461,1231428.46
1462,1215676.31
1463,1170103.25
1464,1182490.46
1465,1293472.8
1466,1175003.67
1467,1169831.38
1468,1195036.0
1469,1332759.13
1470,1281675.6
1471,1292346.57
1472,1757242.51
1473,1380522.64
1474,1564516.43
1475,1843971.15
1476,2306265.36
1477,1172003.1
1478,1178905.44
1479,1194449.78
1480,1187776.19
1481,1100418.69
1482,1422546.05
1484,1554747.15
1485,1323999.36
1486,1399456.99
1488,1391813.69
1489,1229777.24
1490,1258674.12
1491,1327401.06
1492,1312905.8
1493,1388118.53
1494,1357589.89
1495,1331453.41
1496,1277959.42
1497,1239466.97
1498,1216876.52
1499,1343637.0
1501,1337506.74
1502,1254587.84
1503,1297472.06
1504,1334627.96
1505,1266546.73
1506,1290576.44
1507,1212938.67
1508,1403198.94
1510,1484169.74
1511,1304706.75
1512,1297792.41
1513,1249439.95
1514,1270816.01
1517,1346271.06
1521,1458287.38
1525,1399322.44
1526,1646655.94
1573,1100046.37
1574,1117863.33
1575,1095421.65
1576,1048617.17
1577,1077018.27
1578,985594.23
1579,972088.34
1580,981615.81
1581,1011822.3
1582,1041238.87
1583,957997.52
1584,993833.44
1585,954220.22
1586,1043240.27
1587,966054.97
1588,958374.56
1589,955451.16
1590,1049357.36
1591,1016039.71
1592,956211.2
1593,958007.69
1594,951957.31
1595,943506.28
1596,916402.76
1597,912403.67
1598,913548.25
1599,967576.95
1600,928264.4
1601,948447.34
1602,1004516.46
1603,1075758.55
1604,903119.03
1605,852882.61
1606,851919.34
1607,850936.26
1608,918335.68
1609,862419.84
1610,857883.46
1611,955294.7
1612,929690.71
1613,942475.24
1614,894493.7
1615,1601377.41
1616,1069533.17
1617,1121934.15
1618,1295605.35
1619,1768249.89
1620,891736.91
1621,910110.24
1622,812011.8
1623,802105.5
1624,873119.06
1625,1046068.17
1627,1128485.1
1628,1046203.72
1629,1085248.21
1631,1009502.01
1632,954107.32
1633,1005463.49
1634,998362.05
1635,990951.77
1636,1016019.47
1637,994966.1
1638,1021154.48
1639,977033.5
1640,924134.99
1641,964332.51
1642,970328.68
1644,986504.93
1645,997282.75
1646,961993.34
1647,943717.38
1648,936001.98
1649,922231.92
1650,890547.07
1651,988712.52
1653,966817.24
1654,1017593.47
1655,1052051.45
1656,922850.57
1657,889290.23
1660,951244.66
1664,1051944.79
1668,1071383.1
1669,1189646.45
1716,1967220.53
1717,2030933.46
1718,1970274.64
1719,1817850.32
1720,1939980.43
1721,1840686.94
1722,1879794.89
1723,1882095.98
1724,2142482.14
1725,1898321.33
1726,1819660.44
1727,1909330.77
1728,1785823.37
1729,2005478.46
1730,1890273.44
1731,1853657.6
1732,1877358.86
1733,2022705.22
1734,2037880.96
1735,2003435.31
1736,1970340.25
1737,2018314.71
1738,1870843.9
1739,1932231.05
1740,1907351.2
1741,1817887.23
1742,1969121.45
1743,1877592.55
1744,1997397.63
1745,1908278.27
1746,1911852.58
1747,1772143.94
1748,1790279.74
1749,1705655.09
1750,1765584.48
1751,1871924.07
1752,1851431.06
1753,1796949.59
1754,1887895.07
1755,1854967.66
1756,1939964.63
1757,1925393.91
1758,2766400.05
1759,2083379.89
1760,2461468.35
1761,2771646.81
1762,3595903.2
1763,1675292.0
1764,1744544.39
1765,1682316.31
1766,1770177.37
1767,1633663.12
1768,1848186.58
1770,2003480.59
1771,1831933.95
1772,1894960.68
1774,1852443.78
1775,1807545.43
1776,1864238.64
1777,1887465.04
1778,1950994.04
1779,2124316.34
1780,1895583.12
1781,1986380.4
1782,1958823.56
1783,1860923.55
1784,1866369.93
1785,1935593.87
1787,2086433.49
1788,2009163.08
1789,2048035.74
1790,2021699.38
1791,1956813.31
1792,1987089.36
1793,1880785.69
1794,2076231.8
1796,2090340.98
1797,2035244.54
1798,1953628.82
1799,1872921.31
1800,1923223.82
1803,2067232.56
1807,2036317.54
1811,2051315.66
1812,2462779.06
1859,2623469.95
1860,1704218.84
1861,2204556.7
1862,2095591.63
1863,2237544.75
1864,2156035.06
1865,2066219.3
1866,2050396.27
1867,2495630.51
1868,2258781.28
1869,2121788.61
1870,2138144.91
1871,2082355.12
1872,2370116.52
1873,2129771.13
1874,2108187.1
1875,2227152.16
1876,2363601.47
1877,2249570.04
1878,2248645.59
1879,2246179.91
1880,2334788.42
1881,2236209.13
1882,2130287.27
1883,2044155.39
1884,2054843.28
1885,2219813.5
1886,2052984.81
1887,2057138.31
1888,2020332.07
1889,2182563.66
1890,2191767.76
1891,1953539.85
1892,1879891.13
1893,1855703.66
1894,2091663.2
1895,1932162.63
1896,1936621.09
1897,1984768.34
1898,2078417.47
1899,2092189.06
1900,1968462.58
1901,2921709.71
1902,2258489.63
1903,2600519.26
1904,2762861.41
1905,3818686.45
1906,1623716.46
1907,1864746.1
1908,1699095.9
1909,1743188.87
1910,1613718.38
1911,1995891.87
1913,2019031.67
1914,1875708.88
1915,2041215.61
1917,1932491.42
1918,1879451.23
1919,1869110.55
1920,2037798.88
1921,1974960.86
1922,2256461.39
1923,1930617.64
1924,2095599.93
1925,2004330.3
1926,1959967.8
1927,2080694.24
1928,2079899.47
1930,2082083.34
1931,2069523.52
1932,2074668.19
1933,2063401.06
1934,1953544.76
1935,1882070.88
1936,1871021.01
1937,2066020.69
1939,1896873.99
1940,2273470.62
1941,1750891.47
1942,2202742.9
1943,1864637.89
1946,2078796.76
1950,2174056.71
1954,2143080.57
1955,2470581.29
2002,652122.44
2003,682447.1
2004,660838.75
2005,564883.2
2006,605325.43
2007,604173.59
2008,593710.67
2009,592111.49
2010,718470.71
2011,634605.77
2012,641208.65
2013,643097.6
2014,570791.11
2015,661348.88
2016,594385.2
2017,616598.1
2018,744772.88
2019,693192.5
2020,619337.29
2021,652329.53
2022,672194.03
2023,709337.11
2024,691497.62
2025,633203.69
2026,598553.43
2027,619224.06
2028,639651.24
2029,622437.08
2030,637090.44
2031,649791.15
2032,638647.21
2033,641965.2
2034,583210.87
2035,548542.47
2036,566945.95
2037,591603.79
2038,577011.26
2039,600395.73
2040,598301.5
2041,612987.64
2042,619639.74
2043,608200.81
2044,1120018.92
2045,754134.95
2046,847294.04
2047,983825.15
2048,1368318.17
2049,543754.17
2050,509640.77
2051,479424.2
2052,487311.03
2053,481119.6
2054,556550.85
2056,649993.5
2057,547564.09
2058,573374.49
2060,551553.99
2061,527389.28
2062,542556.05
2063,587370.81
2064,607691.36
2065,655318.26
2066,560764.41
2067,630522.67
2068,630482.91
2069,593941.9
2070,636193.24
2071,695396.19
2073,639928.85
2074,656594.95
2075,674669.16
2076,635118.48
2077,624114.56
2078,607475.44
2079,577511.02
2080,607961.21
2082,599488.98
2083,605413.17
2084,649159.68
2085,607593.51
2086,545052.34
2089,579068.88
2093,615121.78
2097,699028.66
2098,764565.55
2145,477409.3
2146,472044.28
2147,469868.7
2148,443242.17
2149,444181.85
2150,445393.74
2151,504307.35
2152,483177.2
2153,490503.69
2154,424083.99
2155,436312.41
2156,370230.94
2157,383550.93
2158,403217.22
2159,401770.9
2160,435300.51
2161,479430.0
2162,516295.81
2163,535587.31
2164,540149.85
2165,546554.96
2166,610641.42
2167,614253.33
2168,586583.69
2169,588344.18
2170,562633.67
2171,586936.45
2172,543757.97
2173,521516.96
2174,581010.52
2175,542087.89
2176,537518.57
2177,522049.52
2178,511330.32
2179,463977.54
2180,442894.2
2181,452169.28
2182,541216.92
2183,495022.51
2184,446905.02
2185,453632.76
2186,458634.68
2187,651837.77
2188,512260.59
2189,570103.64
2190,648652.01
2191,1004730.69
2192,575317.38
2193,573545.96
2194,470365.59
2195,462888.13
2196,448391.99
2197,479263.15
2199,491179.79
2200,475201.64
2201,484829.07
2203,497373.49
2204,465279.68
2205,459756.11
2206,439276.5
2207,427855.24
2208,368600.0
2209,378100.31
2210,423805.22
2211,410406.95
2212,435397.19
2213,444718.68
2214,531080.31
2216,581546.23
2217,569105.03
2218,608737.56
2219,634634.66
2220,586841.77
2221,581758.22
2222,582381.95
2223,592981.33
2225,554630.42
2226,557312.01
2227,580805.33
2228,574622.56
2229,539081.09
2232,482926.93
2236,511059.95
2240,530492.84
2241,574798.86
2288,789036.02
2289,841951.91
2290,800714.0
2291,749549.55
2292,783300.05
2293,763961.82
2294,752034.52
2295,793097.64
2296,848521.17
2297,770228.02
2298,757738.76
2299,977790.83
2300,807798.73
2301,843848.65
2302,813756.09
2303,826626.5
2304,872817.62
2305,876902.87
2306,845252.21
2307,877996.27
2308,893995.44
2309,958875.37
2310,836915.92
2311,876591.41
2312,893504.87
2313,833517.19
2314,795301.17
2315,759995.18
2316,783929.7
2317,802583.89
2318,834373.73
2319,1200888.28
2320,871264.25
2321,852876.29
2322,829207.27
2323,827738.06
2324,838297.32
2325,815093.76
2326,861941.25
2327,818434.49
2328,855459.96
2329,782252.57
2330,1005448.76
2331,926573.81
2332,962475.55
2333,1049372.38
2334,1309226.79
2335,635862.55
2336,1083071.14
2337,758510.36
2338,755804.37
2339,736335.69
2340,816603.05
2342,860962.91
2343,767256.53
2344,816138.33
2346,778436.81
2347,781267.76
2348,795859.23
2349,811855.72
2350,825283.43
2351,1060770.11
2352,806979.15
2353,882132.28
2354,870625.49
2355,844443.35
2356,892056.64
2357,895020.48
2359,894686.67
2360,920719.98
2361,940554.34
2362,915064.22
2363,902727.76
2364,899044.34
2365,861894.77
2366,866184.92
2368,797523.04
2369,837390.79
2370,847380.07
2371,1161900.18
2372,1051116.95
2375,918006.9
2379,927657.63
2383,945267.68
2384,976522.93
2431,1205307.5
2432,1187880.7
2433,1150663.42
2434,1068157.45
2435,1179738.5
2436,1138800.32
2437,1087507.47
2438,1092704.09
2439,1254107.84
2440,1174447.55
2441,1135577.62
2442,1132433.55
2443,1060446.16
2444,1222255.47
2445,1092616.49
2446,1101621.36
2447,1256282.79
2448,1271311.76
2449,1173521.82
2450,1183225.92
2451,1220983.17
2452,1257928.35
2453,1171391.41
2454,1115514.61
2455,1032908.23
2456,1078557.62
2457,1166117.85
2458,1084722.78
2459,1141860.67
2460,1214302.76
2461,1187359.77
2462,1011201.12
2463,997998.21
2464,950862.92
2465,948977.5
2466,1107432.71
2467,1029618.1
2468,1052120.43
2469,1038576.54
2470,1089530.94
2471,1081322.12
2472,1045722.37
2473,1653759.36
2474,1211026.13
2475,1416168.98
2476,1588430.71
2477,2027507.15
2478,887907.01
2479,933960.3
2480,777175.28
2481,891148.55
2482,849540.85
2483,1055841.24
2485,1095058.57
2486,1005983.31
2487,1063310.62
2489,945889.59
2490,944523.3
2491,938083.17
2492,1018541.3
2493,988157.72
2494,1105860.06
2495,974114.39
2496,1065427.37
2497,993172.98
2498,994610.43
2499,1065214.14
2500,1178039.0
2502,1045859.39
2503,1056478.65
2504,1087051.26
2505,1048802.62
2506,974916.13
2507,991262.46
2508,954148.64
2509,1002806.39
2511,932679.79
2512,1147906.46
2513,540922.94
2514,951549.61
2515,845715.37
2518,1019741.1
2522,1100625.06
2526,1188047.61
2527,1368471.23
2574,1507637.17
2575,1536549.95
2576,1515976.11
2577,1373270.06
2578,1495844.57
2579,1467889.2
2580,1332940.35
2581,1427023.45
2582,1642970.27
2583,1489613.32
2584,1460354.67
2585,1456793.33
2586,1405065.57
2587,1566219.77
2588,1437319.45
2589,1377716.17
2590,1648882.62
2591,1519013.49
2592,1410683.94
2593,1457314.39
2594,1450407.32
2595,1549018.68
2596,1577541.24
2597,1412157.02
2598,1372043.71
2599,1366395.96
2600,1492060.89
2601,1418027.08
2602,1419383.19
2603,1557888.16
2604,1623519.64
2605,1591453.39
2606,1386789.31
2607,1318343.58
2608,1379456.3
2609,1428960.72
2610,1369317.63
2611,1357154.71
2612,1404576.48
2613,1435379.25
2614,1490235.86
2615,1377593.1
2616,1993367.83
2617,1615987.96
2618,1799070.98
2619,1911967.44
2620,2678206.42
2621,1275146.94
2622,1224175.99
2623,1181204.53
2624,1212967.84
2625,1284185.49
2626,1370562.11
2628,1457270.16
2629,1296658.47
2630,1433569.44
2632,1257972.37
2633,1266564.94
2634,1305950.22
2635,1419911.91
2636,1392093.04
2637,1514288.82
2638,1297237.7
2639,1451953.95
2640,1429143.06
2641,1355234.3
2642,1388553.11
2643,1457345.75
2645,1418973.62
2646,1440785.7
2647,1462731.93
2648,1465489.75
2649,1391580.41
2650,1377119.45
2651,1298775.8
2652,1408968.55
2654,1391792.69
2655,1547729.24
2656,1609951.02
2657,1566712.79
2658,1365633.53
2661,1461718.87
2665,1480289.64
2669,1484708.38
2670,1713769.06
2717,2401395.47
2718,2109107.9
2719,2161549.76
2720,1898193.95
2721,2119213.72
2722,2010974.84
2723,1951848.43
2724,1894742.95
2725,2405395.22
2726,2007796.26
2727,1985784.59
2728,1878862.42
2729,1919053.21
2730,2137202.38
2731,2033211.62
2732,1893736.9
2733,2065984.95
2734,2203619.35
2735,2100489.79
2736,2091903.63
2737,1973135.87
2738,2143676.77
2739,2107285.85
2740,2031852.16
2741,1900535.9
2742,1955896.59
2743,1910177.38
2744,2071022.45
2745,1975374.56
2746,1946369.57
2747,2121561.41
2748,2014954.79
2749,1948359.78
2750,1789687.65
2751,1933719.21
2752,2060389.27
2753,1950676.39
2754,1893955.27
2755,1891816.0
2756,2184316.64
2757,2187765.28
2758,2105058.91
2759,2811634.04
2760,2416051.17
2761,2752122.08
2762,2819193.17
2763,3766687.43
2764,1799737.79
2765,1843030.95
2766,1884345.01
2767,1781805.66
2768,1761506.68
2769,2351143.07
2771,2258616.24
2772,1938608.52
2773,2143424.61
2775,1931668.64
2776,1824711.21
2777,1927993.09
2778,2027056.39
2779,2057406.33
2780,2313861.81
2781,1881788.19
2782,2090838.44
2783,2036748.53
2784,1953416.06
2785,1944433.17
2786,2182246.69
2788,2065191.27
2789,1950826.32
2790,2053165.41
2791,2123787.79
2792,2039875.75
2793,1950904.84
2794,1858440.92
2795,2189353.63
2797,1990017.93
2798,1933577.2
2799,2141765.98
2800,2050542.56
2801,1979009.46
2804,2135982.79
2808,2284106.6
2812,2298776.83
2813,2546123.78
2860,798593.88
2861,809321.44
2862,867283.25
2863,749597.24
2864,747444.32
2865,712312.89
2866,727070.0
2867,686497.53
2868,753664.12
2869,751181.4
2870,716026.51
2871,718780.59
2872,680532.69
2873,744969.42
2874,723559.88
2875,753361.72
2876,755214.26
2877,806012.48
2878,784305.55
2879,785104.29
2880,769848.75
2881,711470.8
2882,714677.47
2883,755098.41
2884,765823.48
2885,715876.27
2886,739279.19
2887,793589.18
2888,848873.28
2889,855882.57
2890,727772.8
2891,674055.81
2892,684340.86
2893,671688.06
2894,677158.39
2895,680579.49
2896,693412.05
2897,710668.45
2898,731756.65
2899,719888.76
2900,735796.38
2901,756288.89
2902,1245628.61
2903,829210.73
2904,943891.64
2905,1147556.83
2906,1587257.78
2907,672903.23
2908,629152.06
2909,650789.13
2910,663941.73
2911,649878.29
2912,596218.24
2914,884701.92
2915,768313.85
2916,796277.72
2918,793569.0
2919,753711.32
2920,732056.37
2921,744782.89
2922,768390.05
2923,801302.01
2924,783250.75
2925,718898.33
2926,754236.7
2927,744836.56
2928,744389.81
2929,773878.58
2931,823220.43
2932,771298.98
2933,784639.12
2934,734099.4
2935,728311.15
2936,784490.67
2937,751167.12
2938,783614.89
2940,855546.5
2941,821127.53
2942,705557.8
2943,653989.65
2944,653525.84
2947,663452.46
2951,767358.37
2955,793184.25
2956,897747.13
3003,1033017.37
3004,1022571.25
3005,988467.61
3006,899761.48
3007,1009201.24
3008,967187.37
3009,966145.09
3010,1012075.12
3011,1177340.99
3012,1033171.07
3013,1000968.67
3014,969594.47
3015,977683.06
3016,1052973.28
3017,973585.33
3018,979977.89
3019,1103740.4
3020,1095539.13
3021,1061196.47
3022,1052895.25
3023,1095020.33
3024,1120259.71
3025,1092654.26
3026,988392.99
3027,974123.2
3028,970773.64
3029,1010326.14
3030,993097.43
3031,1017045.44
3032,1081420.96
3033,1074535.88
3034,924174.4
3035,918285.97
3036,902779.25
3037,905987.17
3038,1015051.62
3039,954401.46
3040,960998.52
3041,1025766.27
3042,1006888.16
3043,1043698.64
3044,985896.44
3045,1564502.26
3046,1230514.58
3047,1367202.84
3048,1527682.99
3049,1962445.04
3050,774262.28
3051,873954.7
3052,807535.52
3053,855001.02
3054,799369.15
3055,946060.98
3057,975964.86
3058,911245.43
3059,997353.15
3061,926427.12
3062,933528.39
3063,951588.37
3064,969046.69
3065,1008557.04
3066,1152781.9
3067,926133.8
3068,1032076.06
3069,1001558.74
3070,970307.83
3071,1021568.34
3072,1125169.92
3074,1042454.61
3075,1012584.2
3076,1077491.68
3077,1017050.65
3078,961953.57
3079,964683.8
3080,944958.69
3081,983232.96
3083,973004.91
3084,1181815.31
3085,912762.76
3086,1004434.54
3087,937420.65
3090,993436.67
3094,1106575.59
3098,1167621.14
3099,1308967.44
3146,1364721.58
3147,1380892.08
3148,1319588.04
3149,1198709.65
3150,1311175.93
3151,1408082.96
3152,1229008.32
3153,1310701.8
3154,1556627.62
3155,1264434.7
3156,1288823.72
3157,1315023.08
3158,1259414.52
3159,1365552.28
3160,1303055.09
3161,1327424.28
3162,1571158.56
3163,1514435.51
3164,1439432.06
3165,1507708.93
3166,1415204.88
3167,1549113.18
3168,1417535.78
3169,1413124.11
3170,1333634.45
3171,1319773.55
3172,1417013.07
3173,1346345.97
3174,1439901.05
3175,1584623.36
3176,1405119.23
3177,1272842.85
3178,1159132.58
3179,1099055.65
3180,1129909.44
3181,1179851.68
3182,1119809.71
3183,1147503.92
3184,1112871.23
3185,1203119.96
3186,1387953.75
3187,1314994.32
3188,2072685.05
3189,1617025.41
3190,1872365.99
3191,2238573.48
3192,2734277.1
3193,1169773.85
3194,1122034.48
3195,1016756.1
3196,1110706.06
3197,1083657.61
3198,1159438.53
3200,1369971.57
3201,1206917.2
3202,1301185.28
3204,1203682.62
3205,1148624.83
3206,1182694.95
3207,1248901.98
3208,1263680.51
3209,1447301.24
3210,1173307.4
3211,1359921.13
3212,1254914.87
3213,1337617.55
3214,1361945.18
3215,1562161.97
3217,1470520.83
3218,1434036.18
3219,1492507.44
3220,1379488.05
3221,1360520.56
3222,1362144.0
3223,1319767.55
3224,1416344.68
3226,1453416.53
3227,1637266.29
3228,1464295.69
3229,1423289.9
3230,1253329.17
3233,1463501.99
3237,1428436.33
3241,1552886.59
3242,1841173.6
3289,1388725.63
3290,1414107.1
3291,1385362.49
3292,1158722.74
3293,1412387.37
3294,1309340.16
3295,1222511.29
3296,1258311.56
3297,1478321.26
3298,1379579.63
3299,1268266.72
3300,1264117.01
3301,1259877.19
3302,1409705.03
3303,1346783.35
3304,1283482.85
3305,1473868.15
3306,1566668.91
3307,1375458.21
3308,1354168.18
3309,1399073.75
3310,1563387.94
3311,1665502.55
3312,1418697.05
3313,1333740.35
3314,1387517.63
3315,1442819.28
3316,1384243.75
3317,1375307.54
3318,1350059.35
3319,1366381.6
3320,1474498.59
3321,1273295.46
3322,1169413.27
3323,1215273.2
3324,1361944.94
3325,1300806.74
3326,1234875.33
3327,1244925.94
3328,1285358.01
3329,1312877.01
3330,1277150.6
3331,1779276.51
3332,1413302.7
3333,1593012.75
3334,1663525.77
3335,2386015.75
3336,1208600.05
3337,1178641.71
3338,1167740.2
3339,1107170.39
3340,1126921.34
3341,1225182.04
3343,1360150.12
3344,1235121.33
3345,1346994.53
3347,1168397.26
3348,1158693.12
3349,1163803.3
3350,1273670.32
3351,1245576.65
3352,1372484.9
3353,1197761.17
3354,1339630.35
3355,1311950.16
3356,1234281.7
3357,1311153.72
3358,1554837.62
3360,1320359.23
3361,1304850.67
3362,1445596.61
3363,1567340.07
3364,1356938.95
3365,1357672.24
3366,1310973.06
3367,1417616.81
3369,1352039.88
3370,1402372.09
3371,1196105.44
3372,1527455.19
3373,1227535.97
3376,1405914.39
3380,1385860.38
3384,1335647.1
3385,1529615.54
3432,677231.63
3433,583364.02
3434,676260.67
3435,628516.57
3436,665750.06
3437,660619.99
3438,659795.84
3439,696687.6
3440,822486.37
3441,712647.97
3442,715311.6
3443,694531.72
3444,706924.02
3445,724468.97
3446,698073.95
3447,704113.22
3448,792442.54
3449,764155.44
3450,737163.2
3451,780444.94
3452,737569.14
3453,759407.87
3454,719591.13
3455,726997.84
3456,665290.93
3457,682124.34
3458,699464.43
3459,686072.39
3460,724499.81
3461,711461.95
3462,685700.08
3463,655811.95
3464,628989.88
3465,607819.33
3466,658640.14
3467,674283.86
3468,616094.72
3469,661644.19
3470,674458.03
3471,696314.53
3472,713250.08
3473,718056.73
3474,1115240.61
3475,885572.96
3476,964729.18
3477,1047707.59
3478,1295391.19
3479,623092.54
3480,558794.63
3481,572360.83
3482,568093.57
3483,600448.69
3484,639830.45
3486,634637.03
3487,570816.34
3488,640912.18
3490,603393.64
3491,616324.24
3492,618377.79
3493,648606.13
3494,674562.45
3495,756588.42
3496,649245.0
3497,659446.55
3498,684783.15
3499,677971.33
3500,718373.94
3501,737551.74
3503,717373.43
3504,699270.1
3505,706206.86
3506,698529.64
3507,680510.23
3508,670854.96
3509,668390.82
3510,679706.01
3512,688958.75
3513,726422.55
3514,699779.0
3515,673248.48
3516,628720.46
3519,671522.87
3523,718393.61
3527,878314.57
3528,916446.02
3575,1034119.21
3576,1015684.09
3577,999348.55
3578,855385.01
3579,1005669.58
3580,963382.09
3581,903366.55
3582,893613.0
3583,1029849.2
3584,1022293.81
3585,905548.38
3586,881930.87
3587,904503.85
3588,1074479.73
3589,972663.59
3590,986765.01
3591,1069851.59
3592,1003202.66
3593,1073862.59
3594,1001286.67
3595,976242.09
3596,1078455.48
3597,1122356.53
3598,1028151.72
3599,971615.62
3600,1005324.28
3601,1125329.77
3602,1011938.29
3603,1007385.36
3604,977322.52
3605,1037549.71
3606,1042226.3
3607,923473.7
3608,868636.3
3609,923221.52
3610,1001069.52
3611,937956.89
3612,916522.66
3613,895069.88
3614,970224.51
3615,971193.01
3616,901972.7
3617,1286833.62
3618,1016143.64
3619,1149612.04
3620,1196813.33
3621,1573982.47
3622,877268.29
3623,938149.21
3624,812323.29
3625,809833.21
3626,817485.14
3627,911807.02
3629,981978.02
3630,910298.44
3631,945643.17
3633,887426.12
3634,866566.54
3635,849231.61
3636,985229.81
3637,863266.12
3638,921700.61
3639,873450.29
3640,1024778.23
3641,941008.85
3642,938334.62
3643,996723.58
3644,1054454.4
3646,981646.46
3647,997474.93
3648,1070119.09
3649,1133807.03
3650,1021534.7
3651,1017867.8
3652,1005360.5
3653,1107552.43
3655,1021766.75
3656,1064617.62
3657,1040143.14
3658,1069710.97
3659,951569.84
3662,1130022.99
3666,988950.75
3670,1012498.49
3671,1148987.46
3718,1874289.79
3719,1745362.72
3720,1945070.33
3721,1390934.27
3722,1313729.72
3723,1925113.12
3724,1700627.97
3725,1836714.84
3726,2053952.97
3727,1955814.13
3728,1857500.96
3729,1850205.47
3730,1805885.04
3731,1939458.84
3732,1842465.78
3733,1836595.58
3734,1962468.67
3735,2073102.59
3736,1873812.93
3737,1887182.27
3738,1962625.01
3739,2024554.1
3740,2119163.01
3741,1880691.64
3742,1808250.71
3743,1816489.53
3744,1908036.68
3745,1864436.12
3746,1936878.46
3747,1870684.21
3748,1908110.9
3749,1913494.81
3750,1629978.46
3751,1597002.71
3752,1543532.83
3753,1707662.87
3754,1728388.2
3755,1693935.29
3756,1688955.49
3757,1686010.02
3758,1828010.25
3759,1704785.74
3760,2627910.75
3761,1884343.67
3762,2139733.68
3763,2350098.36
3764,3078162.08
3765,1440963.0
3766,1568159.48
3767,1532308.62
3768,1517029.9
3769,1421111.55
3770,1628100.79
3772,1709365.19
3773,1688935.71
3774,1656130.67
3776,1624539.21
3777,1554651.08
3778,1628868.28
3779,1689844.18
3780,1727175.61
3781,1921655.48
3782,1642074.64
3783,1757041.96
3784,1763545.32
3785,1725268.56
3786,1820723.17
3787,2053708.01
3789,1814740.09
3790,1811455.15
3791,1949983.93
3792,2000055.27
3793,1762155.79
3794,1754879.45
3795,1744879.06
3796,1747289.53
3798,1781905.24
3799,2034400.78
3800,1511717.53
3801,1911470.84
3802,1613773.9
3805,1672339.27
3809,1621109.3
3813,1806924.74
3814,2014665.98
3861,1672352.29
3862,1558968.49
3863,1491300.42
3864,1542173.33
3865,1608435.45
3866,1326877.11
3867,1279819.43
3868,1245268.77
3869,1441559.4
3870,1382359.21
3871,1268240.66
3872,1244177.21
3873,1186971.02
3874,1532893.22
3875,1245898.73
3876,1217923.71
3877,1176588.25
3878,1543678.02
3879,1348995.17
3880,1267619.06
3881,1231025.07
3882,1399960.15
3883,1340293.87
3884,1225336.41
3885,1205884.98
3886,1150204.71
3887,1523101.38
3888,1218688.09
3889,1195897.6
3890,1191585.92
3891,1523410.71
3892,1246062.17
3893,1159812.35
3894,1111797.21
3895,1203080.41
3896,1334571.87
3897,1158062.99
3898,1120619.32
3899,1231688.48
3900,1501663.26
3901,1266460.45
3902,1179315.72
3903,1937033.5
3904,1447916.29
3905,1466164.49
3906,1510443.62
3907,2026026.39
3908,1090558.57
3909,1402902.47
3910,1098286.61
3911,1079669.11
3912,1127859.69
3913,1564897.32
3915,1514828.82
3916,1311796.91
3917,1723736.91
3919,1286413.71
3920,1201059.72
3921,1336838.41
3922,1414713.5
3923,1240126.07
3924,1297452.0
3925,1222367.9
3926,1515890.38
3927,1253316.3
3928,1151282.31
3929,1160043.98
3930,1403779.25
3932,1268503.49
3933,1208809.34
3934,1319054.57
3935,1459655.85
3936,1197373.13
3937,1165870.54
3938,1114530.29
3939,1523870.89
3941,1200019.74
3942,1166479.51
3943,1468871.49
3944,1310087.0
3945,1159212.1
3948,1557314.58
3952,1576654.67
3956,1368130.35
3957,1467024.3
4004,538634.46
4005,529672.95
4006,542399.07
4007,488417.61
4008,535087.91
4009,519042.49
4010,496851.6
4011,552985.34
4012,599629.25
4013,569937.23
4014,509100.84
4015,505329.66
4016,501013.47
4017,568497.35
4018,518940.88
4019,502021.82
4020,577627.66
4021,588017.66
4022,540716.58
4023,558731.74
4024,585548.79
4025,581473.55
4026,563449.43
4027,512292.01
4028,506502.09
4029,509872.77
4030,519787.93
4031,495269.0
4032,531640.19
4033,545766.13
4034,579272.38
4035,491290.37
4036,463752.89
4037,465338.41
4038,474698.01
4039,530059.06
4040,483011.69
4041,505221.17
4042,527058.59
4043,521002.97
4044,524450.7
4045,508174.55
4046,975268.91
4047,642678.53
4048,713834.74
4049,850538.25
4050,1130926.79
4051,465992.02
4052,455952.18
4053,426905.26
4054,445134.15
4055,410426.97
4056,504126.89
4058,542529.21
4059,483660.15
4060,536031.67
4062,493653.43
4063,478773.05
4064,475615.26
4065,505304.33
4066,518245.97
4067,589252.69
4068,493078.64
4069,534372.53
4070,549551.02
4071,492932.51
4072,550735.64
4073,598251.57
4075,536914.17
4076,545368.17
4077,567114.6
4078,547586.07
4079,505246.15
4080,507335.75
4081,474653.06
4082,503486.37
4084,498056.0
4085,608294.98
4086,497085.91
4087,505406.72
4088,474129.35
4091,514993.0
4095,620735.72
4099,579874.22
4100,633240.53
4147,465108.52
4148,497374.57
4149,463513.26
4150,472330.71
4151,472591.07
4152,468189.93
4153,445736.36
4154,442457.35
4155,457884.06
4156,454800.96
4157,471054.16
4158,462454.39
4159,456140.34
4160,457883.94
4161,461868.09
4162,455751.84
4163,462474.16
4164,458343.7
4165,445530.16
4166,447727.52
4167,453210.24
4168,450337.47
4169,436293.4
4170,438068.71
4171,440491.33
4172,437893.76
4173,441407.06
4174,444160.07
4175,447139.8
4176,443810.78
4177,461548.98
4178,455162.92
4179,462058.19
4180,448392.17
4181,445475.3
4182,462080.47
4183,453943.89
4184,459631.74
4185,438334.39
4186,484661.87
4187,431266.64
4188,423707.69
4189,462732.36
4190,407112.22
4191,428631.91
4192,445332.28
4193,519354.88
4194,397631.02
4195,451077.21
4196,465408.72
4197,439132.62
4198,425989.04
4199,490970.95
4201,417070.51
4202,432687.97
4203,443334.71
4205,425470.84
4206,431754.01
4207,437926.79
4208,443889.5
4209,426666.92
4210,445358.73
4211,423687.2
4212,438789.52
4213,424614.59
4214,435102.2
4215,429305.82
4216,432808.48
4218,435481.03
4219,422715.74
4220,428782.38
4221,419764.37
4222,420515.63
4223,423441.76
4224,414245.96
4225,431798.64
4227,414450.61
4228,387944.83
4229,369722.32
4230,370897.82
4231,382914.66
4234,417528.26
4238,432359.04
4242,412385.75
4243,436741.02
4290,1469252.05
4291,1543947.23
4292,1473386.75
4293,1344354.41
4294,1384870.51
4295,1366193.35
4296,1332261.01
4297,1229635.7
4298,1357600.68
4299,1395710.09
4300,1367448.28
4301,1280465.8
4302,1243200.24
4303,1381796.8
4304,1287288.59
4305,1337405.6
4306,1309437.17
4307,1427624.5
4308,1377092.33
4309,1368090.08
4310,1303523.73
4311,1311704.92
4312,1315118.4
4313,1335433.72
4314,1276031.84
4315,1231993.14
4316,1352401.08
4317,1327719.34
4318,1376571.21
4319,1326621.98
4320,1302047.48
4321,1308179.02
4322,1294105.01
4323,1230250.25
4324,1213981.64
4325,1300131.68
4326,1265852.43
4327,1262289.29
4328,1257921.28
4329,1324455.72
4330,1352780.76
4331,1359158.57
4332,1858856.06
4333,1338716.37
4334,1475685.1
4335,1714667.0
4336,2068942.97
4337,1198071.6
4338,1311986.87
4339,1350730.31
4340,1344167.13
4341,1254955.68
4342,1443206.46
4344,1539063.91
4345,1365678.22
4346,1412721.18
4348,1425559.02
4349,1357036.1
4350,1344890.73
4351,1416790.17
4352,1408464.08
4353,1461393.91
4354,1331137.96
4355,1388755.61
4356,1408118.22
4357,1387365.19
4358,1342273.64
4359,1430348.1
4361,1491039.14
4362,1375962.46
4363,1371889.27
4364,1423144.47
4365,1415473.91
4366,1401944.8
4367,1308122.15
4368,1428993.33
4370,1487542.53
4371,1417267.07
4372,1385769.03
4373,1376670.27
4374,1363460.86
4377,1427383.24
4381,1426405.46
4385,1388809.43
4386,1556798.94
4433,1087616.19
4434,1123566.12
4435,1082559.06
4436,1053247.1
4437,1066566.74
4438,1093319.37
4439,1059781.78
4440,1076021.58
4441,1131732.94
4442,1095889.22
4443,1082763.27
4444,1072474.8
4445,1066792.63
4446,1133657.58
4447,1079314.52
4448,1143819.35
4449,1205662.85
4450,1149234.96
4451,1192074.09
4452,1150191.72
4453,1124763.74
4454,1187988.64
4455,1077253.67
4456,1120172.24
4457,1109574.11
4458,1065350.56
4459,1144552.09
4460,1157975.68
4461,1189887.86
4462,1140501.03
4463,1095932.51
4464,1028635.39
4465,1043962.36
4466,1067432.1
4467,1061089.56
4468,1085483.44
4469,1096692.88
4470,1102185.0
4471,1115138.51
4472,1063056.21
4473,1141019.11
4474,1150729.89
4475,1634635.86
4476,1200892.56
4477,1377322.73
4478,1557776.1
4479,1949183.14
4480,955463.84
4481,1046416.17
4482,1028206.51
4483,1078348.91
4484,1006814.85
4485,1070457.8
4487,1183528.58
4488,1054754.67
4489,1106847.62
4491,1100765.5
4492,1068719.22
4493,1051121.02
4494,1102975.59
4495,1120508.14
4496,1210602.91
4497,1107494.55
4498,1181793.55
4499,1138162.76
4500,1145084.76
4501,1175447.49
4502,1167757.0
4504,1192031.38
4505,1163869.52
4506,1199845.29
4507,1110244.52
4508,1144254.26
4509,1185674.48
4510,1169988.62
4511,1201694.14
4513,1221318.17
4514,1183740.91
4515,1152117.5
4516,1128237.3
4517,1142499.25
4520,1149448.02
4524,1204628.28
4528,1179773.88
4529,1415746.91
4576,274593.43
4577,294882.83
4578,296850.83
4579,284052.77
4580,291484.89
4581,312161.0
4582,282235.73
4583,262893.76
4584,274634.52
4585,325201.05
4586,307779.64
4587,263263.02
4588,275883.23
4589,326870.13
4590,331173.51
4591,294264.2
4592,279246.33
4593,285100.0
4594,310800.79
4595,272399.08
4596,259419.91
4597,267495.76
4598,302423.93
4599,280937.84
4600,252734.31
4601,242047.03
4602,262789.95
4603,265367.51
4604,230519.49
4605,224031.19
4606,237405.82
4607,272834.88
4608,246277.18
4609,231976.84
4610,224294.39
4611,266484.19
4612,251732.92
4613,234175.92
4614,213538.32
4615,246124.61
4616,272803.94
4617,224639.76
4618,240044.57
4619,209986.25
4620,253050.1
4621,238875.26
4622,249246.8
4623,219804.85
4624,243948.82
4625,259527.75
4626,244856.44
4627,231155.9
4628,234218.03
4630,252349.6
4631,242901.21
4632,245435.8
4634,247234.47
4635,238084.08
4636,232769.09
4637,271924.73
4638,275749.56
4639,248603.3
4640,248561.86
4641,257031.19
4642,279466.87
4643,239206.26
4644,239431.85
4645,243477.03
4647,238172.66
4648,238433.53
4649,226702.36
4650,262717.71
4651,265003.47
4652,238915.05
4653,224806.96
4654,242456.39
4656,242771.37
4657,237095.82
4658,239198.36
4659,281842.28
4660,262407.57
4663,262159.13
4667,236157.12
4671,220060.35
4672,270373.05
4719,956228.96
4720,994610.99
4721,983963.07
4722,905756.13
4723,918295.79
4724,921247.88
4725,892070.82
4726,880742.35
4727,979428.66
4728,950684.2
4729,923344.54
4730,910240.68
4731,859922.19
4732,953495.48
4733,933924.44
4734,913616.32
4735,942868.38
4736,966187.51
4737,954681.56
4738,941612.04
4739,895800.07
4740,919229.36
4741,911210.81
4742,930269.79
4743,902050.95
4744,875976.83
4745,987435.35
4746,951208.65
4747,985152.94
4748,855421.39
4749,964356.74
4750,932240.96
4751,885445.47
4752,867539.07
4753,865709.11
4754,931710.67
4755,888703.62
4756,936293.6
4757,926294.02
4758,972292.31
4759,979730.78
4760,955766.33
4761,1309476.68
4762,1001512.21
4763,1086661.02
4764,1227148.13
4765,1620748.25
4766,902109.69
4767,900646.94
4768,898610.33
4769,891025.39
4770,836717.75
4771,971932.87
4773,1062629.3
4774,953331.45
4775,963910.81
4777,1014218.8
4778,922898.38
4779,884233.67
4780,975479.83
4781,941829.0
4782,1051518.45
4783,895973.02
4784,965853.58
4785,966232.69
4786,945018.83
4787,941311.83
4788,947229.24
4790,968258.09
4791,923795.04
4792,911106.22
4793,926934.57
4794,903882.96
4795,913236.62
4796,851461.9
4797,942236.45
4799,960418.54
4800,871404.6
4801,926455.64
4802,930506.14
4803,927249.61
4806,954069.45
4810,992621.93
4814,988742.08
4815,1084243.91
4862,1230613.5
4863,1168815.31
4864,1270658.64
4865,1020651.74
4866,1162610.27
4867,1150344.39
4868,1117536.09
4869,1078900.44
4870,1189556.47
4871,1198014.97
4872,1084487.55
4873,1110827.48
4874,1096930.65
4875,1182099.88
4876,1104277.57
4877,1078182.18
4878,1223777.48
4879,1282378.71
4880,1160412.71
4881,1198025.76
4882,1230245.74
4883,1245827.08
4884,1268766.76
4885,1124414.87
4886,1121756.43
4887,1139131.78
4888,1180183.39
4889,1090587.5
4890,1033719.5
4891,917693.06
4892,948660.79
4893,961685.98
4894,831443.61
4895,758069.78
4896,771065.21
4897,874615.32
4898,798376.99
4899,827705.82
4900,857797.33
4901,843755.12
4902,870914.69
4903,846850.35
4904,1781866.98
4905,982598.88
4906,1108580.19
4907,1314987.4
4908,1779236.54
4909,576332.05
4910,649289.75
4911,687670.78
4912,659902.07
4913,633289.78
4914,747577.05
4916,865305.88
4917,841129.26
4918,850448.54
4920,800662.82
4921,762184.1
4922,762620.94
4923,813352.41
4924,795157.2
4925,841778.34
4926,811824.06
4927,835181.18
4928,826155.95
4929,776838.56
4930,850708.6
4931,955466.84
4933,828594.86
4934,849397.57
4935,874453.88
4936,827717.85
4937,813845.5
4938,820188.42
4939,770820.27
4940,826820.71
4942,820288.35
4943,897037.25
4944,813486.55
4945,922440.64
4946,738792.11
4949,791637.53
4953,653468.75
4957,903606.03
4958,948964.99
5005,467546.74
5006,469563.7
5007,470281.03
5008,447519.44
5009,480203.43
5010,441434.2
5011,428851.99
5012,404438.51
5013,435972.82
5014,453016.91
5015,483699.56
5016,434116.8
5017,457899.64
5018,489372.02
5019,476733.74
5020,474917.98
5021,447050.42
5022,471088.88
5023,467711.18
5024,485694.72
5025,434879.87
5026,434252.15
5027,471713.59
5028,466962.04
5029,452021.2
5030,432451.91
5031,467442.94
5032,470436.8
5033,437949.9
5034,412050.73
5035,431294.45
5036,434471.38
5037,454694.21
5038,419348.59
5039,422169.47
5040,444351.61
5041,453308.15
5042,424956.3
5043,392654.26
5044,405860.37
5045,425804.8
5046,411615.71
5047,408891.49
5048,360266.09
5049,404545.03
5050,410214.7
5051,422093.59
5052,359310.65
5053,384659.85
5054,410497.73
5055,399191.05
5056,372174.12
5057,417521.7
5059,427175.03
5060,380279.44
5061,402579.84
5063,431412.22
5064,390732.02
5065,385672.11
5066,428727.61
5067,414986.54
5068,374574.72
5069,340708.78
5070,393401.4
5071,395316.65
5072,376183.44
5073,348655.2
5074,373703.95
5076,394645.25
5077,360009.94
5078,354270.77
5079,377464.62
5080,385631.48
5081,361311.41
5082,354361.08
5083,381017.75
5085,373267.58
5086,344964.2
5087,350276.29
5088,352960.64
5089,343108.12
5092,346137.87
5096,313387.11
5100,293350.51
5101,312298.37
5148,536006.73
5149,529852.7
5150,510382.5
5151,513615.82
5152,519255.68
5153,513015.35
5154,460020.74
5155,515777.97
5156,540189.7
5157,513327.55
5158,524544.83
5159,527019.78
5160,517850.83
5161,543234.77
5162,505196.08
5163,510494.7
5164,532241.22
5165,479195.02
5166,481915.11
5167,505761.62
5168,485419.39
5169,498292.53
5170,502456.04
5171,485150.01
5172,491998.12
5173,487912.95
5174,508576.62
5175,491815.83
5176,486930.72
5177,512157.25
5178,510427.53
5179,510296.07
5180,501251.4
5181,494265.48
5182,529877.93
5183,524483.65
5184,498925.86
5185,510425.4
5186,514485.9
5187,539683.42
5188,517546.69
5189,518124.16
5190,518220.72
5191,508213.14
5192,511207.52
5193,534285.21
5194,576809.92
5195,460331.7
5196,542464.02
5197,525616.9
5198,526486.82
5199,513672.36
5200,583835.18
5202,536840.69
5203,514758.19
5204,527572.25
5206,478503.06
5207,522105.93
5208,534578.78
5209,543703.16
5210,543775.87
5211,526434.37
5212,502918.18
5213,547513.3
5214,511871.63
5215,533564.42
5216,507086.75
5217,500381.23
5219,525132.36
5220,509276.22
5221,517021.3
5222,489059.93
5223,498749.62
5224,505543.53
5225,504974.95
5226,510787.46
5228,506897.98
5229,527947.21
5230,530367.83
5231,506273.74
5232,513341.94
5235,522816.85
5239,555925.6
5243,527117.81
5244,537224.52
5291,358496.14
5292,342214.9
5293,327237.92
5294,334222.73
5295,372239.89
5296,342023.92
5297,333025.47
5298,335858.11
5299,368929.55
5300,341630.46
5301,337723.49
5302,335121.82
5303,337979.65
5304,383657.44
5305,346174.3
5306,340497.08
5307,326469.43
5308,376184.88
5309,354828.65
5310,335691.85
5311,322046.76
5312,361181.48
5313,343850.34
5314,338277.71
5315,328336.85
5316,336378.38
5317,378574.44
5318,341400.72
5319,329139.73
5320,322868.56
5321,377096.55
5322,336227.69
5323,336253.19
5324,330604.9
5325,360256.58
5326,351271.36
5327,337743.26
5328,339042.18
5329,341219.63
5330,380870.09
5331,340147.2
5332,348593.99
5333,360857.98
5334,351925.36
5335,355965.23
5336,334441.15
5337,369106.72
5338,303908.81
5339,386344.54
5340,356138.79
5341,341098.08
5342,357557.16
5343,402341.76
5345,364606.7
5346,354232.34
5347,405429.43
5349,349459.95
5350,351541.62
5351,382098.13
5352,392152.3
5353,362758.94
5354,362952.34
5355,344225.99
5356,422186.65
5357,366977.79
5358,365730.76
5359,356886.1
5360,396826.06
5362,356797.0
5363,354078.95
5364,387334.04
5365,399699.17
5366,367181.71
5367,365562.67
5368,355131.33
5369,437631.44
5371,362224.7
5372,365672.55
5373,416953.51
5374,397771.68
5375,408188.88
5378,449516.29
5382,436970.1
5386,411252.02
5387,435401.64
5434,1230596.8
5435,1266229.07
5436,1230591.97
5437,1168582.02
5438,1266254.21
5439,1244391.83
5440,1301590.13
5441,1235094.66
5442,1463942.62
5443,1327035.27
5444,1242874.98
5445,1280231.85
5446,1263836.59
5447,1355704.21
5448,1226997.7
5449,1350673.98
5450,1365541.59
5451,1512207.95
5452,1371405.33
5453,1368312.45
5454,1280414.8
5455,1352547.7
5456,1330473.47
5457,1339811.68
5458,1314651.83
5459,1308222.24
5460,1409989.67
5461,1371465.66
5462,1471816.52
5463,1417515.93
5464,1345167.61
5465,1279666.47
5466,1252915.43
5467,1199449.54
5468,1219583.91
5469,1286598.59
5470,1238742.0
5471,1261109.01
5472,1294769.08
5473,1293707.19
5474,1291398.71
5475,1370659.54
5476,2149355.2
5477,1431910.98
5478,1630564.48
5479,1842172.46
5480,2495489.25
5481,1230012.16
5482,1224475.12
5483,1193199.39
5484,1243370.74
5485,1158698.44
5486,1343773.94
5488,1335233.74
5489,1240921.19
5490,1316385.43
5492,1348410.05
5493,1284334.79
5494,1316849.36
5495,1350646.16
5496,1348031.55
5497,1563140.85
5498,1379651.87
5499,1370920.87
5500,1325022.77
5501,1373907.21
5502,1406124.14
5503,1541745.59
5505,1451392.67
5506,1363167.95
5507,1429829.36
5508,1414564.53
5509,1380257.12
5510,1416005.59
5511,1426418.53
5512,1518790.89
5514,1629066.9
5515,1573898.63
5516,1465089.85
5517,1429345.86
5518,1372500.63
5521,1443884.39
5525,1553629.59
5529,1632894.58
5530,1781528.77
5577,1001943.8
5578,955338.29
5579,916289.2
5580,863917.41
5581,990152.28
5582,899352.4
5583,894865.3
5584,873354.58
5585,1041202.13
5586,919839.19
5587,882636.96
5588,844958.49
5589,816838.31
5590,1009797.06
5591,907262.47
5592,885613.91
5593,1008483.07
5594,1052429.03
5595,1007574.67
5596,973105.3
5597,940405.03
5598,1087578.78
5599,1058250.91
5600,959229.09
5601,922341.82
5602,953393.02
5603,1057295.87
5604,924011.76
5605,932397.0
5606,922328.02
5607,976453.34
5608,967310.82
5609,855046.95
5610,844373.31
5611,891152.33
5612,972405.38
5613,917883.17
5614,882180.91
5615,875038.84
5616,968270.66
5617,935481.32
5618,852452.93
5619,1166142.85
5620,1000582.06
5621,1111215.72
5622,1179036.3
5623,1648829.18
5624,811318.3
5625,894280.19
5626,771315.62
5627,764014.75
5628,775910.43
5629,904261.65
5631,968694.45
5632,888869.27
5633,977070.62
5635,871024.26
5636,834621.39
5637,841889.08
5638,947753.32
5639,874446.32
5640,965056.4
5641,847246.5
5642,1016752.55
5643,903864.02
5644,907110.83
5645,972373.81
5646,1075687.74
5648,971422.67
5649,977103.64
5650,1048866.3
5651,1107366.06
5652,953252.14
5653,980642.1
5654,929096.9
5655,1063818.2
5657,943237.12
5658,969611.3
5659,957298.26
5660,1021391.99
5661,890661.79
5664,1070389.98
5668,1011321.18
5672,1059676.62
5673,1158708.98
5720,1086533.18
5721,1075656.34
5722,1052034.74
5723,991941.73
5724,1063557.49
5725,1023997.71
5726,1006597.69
5727,1015196.46
5728,1168826.39
5729,1082158.21
5730,1043388.79
5731,1067340.74
5732,1063960.11
5733,1175738.22
5734,1116439.02
5735,1163234.33
5736,1246654.24
5737,1305068.1
5738,1217199.39
5739,1202963.06
5740,1174209.52
5741,1273279.79
5742,1176079.59
5743,1179788.38
5744,1192213.87
5745,1211136.63
5746,1338132.72
5747,1285976.53
5748,1353838.39
5749,1173131.63
5750,1223355.5
5751,1172672.27
5752,1111170.91
5753,1110941.78
5754,1109216.35
5755,1162042.24
5756,1133913.33
5757,1156003.7
5758,1144854.56
5759,1163878.49
5760,1175326.23
5761,1172155.28
5762,1866681.57
5763,1220115.75
5764,1434908.13
5765,1627904.68
5766,2225016.73
5767,1001790.16
5768,1153596.53
5769,1052609.16
5770,1088025.8
5771,1026439.93
5772,1179420.5
5774,1203399.64
5775,1099714.93
5776,1229257.7
5778,1115504.26
5779,1140578.16
5780,1179125.48
5781,1206252.12
5782,1192982.07
5783,1304481.75
5784,1178841.05
5785,1244956.91
5786,1270025.74
5787,1244542.33
5788,1278304.33
5789,1297584.95
5791,1289151.84
5792,1244381.98
5793,1333347.78
5794,1338862.58
5795,1245772.7
5796,1292830.93
5797,1248330.1
5798,1402233.69
5800,1412959.97
5801,1328740.71
5802,1283849.38
5803,1280958.97
5804,1197019.39
5807,1277882.77
5811,1315684.86
5815,1292436.23
5816,1548661.45
5863,543384.01
5864,575709.96
5865,508794.87
5866,491510.58
5867,554972.42
5868,588363.62
5869,519914.1
5870,478021.68
5871,505907.41
5872,582552.26
5873,549528.16
5874,492364.77
5875,477615.87
5876,582846.22
5877,564345.55
5878,504403.16
5879,484097.03
5880,556046.12
5881,607218.6
5882,529418.64
5883,484327.56
5884,507168.8
5885,570069.48
5886,558837.27
5887,491115.86
5888,469598.57
5889,579544.21
5890,583079.97
5891,500945.63
5892,465993.51
5893,524658.06
5894,589091.04
5895,536871.58
5896,492262.96
5897,481523.93
5898,599759.45
5899,559285.35
5900,522467.51
5901,476967.65
5902,565390.4
5903,588592.61
5904,524316.21
5905,522296.71
5906,500250.8
5907,585175.24
5908,537455.65
5909,555075.27
5910,428953.6
5911,592947.75
5912,613899.15
5913,533414.62
5914,499081.79
5915,586886.16
5917,556485.1
5918,526904.08
5919,570879.04
5921,558239.32
5922,522673.62
5923,508432.17
5924,620087.35
5925,597644.02
5926,534597.69
5927,496010.17
5928,612337.35
5929,603024.75
5930,524559.95
5931,503295.29
5932,545109.3
5934,546675.65
5935,501780.66
5936,506343.83
5937,593234.27
5938,591703.82
5939,511316.29
5940,479256.8
5941,572603.33
5943,526641.23
5944,503720.98
5945,537124.76
5946,608390.94
5947,576837.09
5950,649111.23
5954,597667.21
5958,511883.36
5959,619133.48
6006,647029.28
6007,682918.99
6008,658997.55
6009,618702.79
6010,658600.05
6011,645386.94
6012,668098.49
6013,623097.93
6014,650102.8
6015,693058.34
6016,675282.2
6017,638957.35
6018,630740.11
6019,691498.6
6020,690851.59
6021,672062.08
6022,630315.76
6023,682012.53
6024,684023.95
6025,700009.77
6026,625196.14
6027,667353.79
6028,718748.33
6029,696844.36
6030,649035.55
6031,622112.23
6032,698536.06
6033,713479.91
6034,712869.09
6035,655284.69
6036,689326.91
6037,722120.04
6038,725043.04
6039,650263.95
6040,657108.77
6041,713332.54
6042,699852.68
6043,680943.03
6044,610076.32
6045,605960.2
6046,595421.23
6047,589467.35
6048,633520.34
6049,557543.62
6050,598679.02
6051,615761.77
6052,656637.63
6053,534740.3
6054,611796.61
6055,614940.07
6056,601004.79
6057,562558.27
6058,651521.77
6060,626627.77
6061,592340.01
6062,616345.25
6064,635171.05
6065,585989.1
6066,611585.54
6067,650418.75
6068,635758.03
6069,638280.67
6070,611464.21
6071,649148.74
6072,684655.91
6073,648330.18
6074,578209.63
6075,630972.15
6077,665781.74
6078,604925.08
6079,586781.78
6080,651147.83
6081,631827.38
6082,597354.39
6083,533917.52
6084,605956.59
6086,663396.32
6087,561573.08
6088,594224.9
6089,649128.23
6090,618877.13
6093,642828.62
6097,641905.37
6101,585028.26
6102,617898.07
6149,281090.95
6150,286857.13
6151,267956.3
6152,273079.07
6153,284617.27
6154,272190.83
6155,269624.2
6156,276279.49
6157,286197.5
6158,257361.3
6159,280048.74
6160,278287.04
6161,272997.65
6162,285379.86
6163,286515.92
6164,267065.35
6165,291891.01
6166,282351.82
6167,296818.2
6168,293481.36
6169,288247.24
6170,300628.19
6171,280472.78
6172,297099.95
6173,292680.16
6174,275020.96
6175,296804.49
6176,291028.09
6177,284740.5
6178,293155.08
6179,295880.12
6180,283455.13
6181,279364.13
6182,281313.78
6183,300152.45
6184,279524.44
6185,268708.43
6186,270110.3
6187,286497.49
6188,270516.84
6189,281909.79
6190,284322.52
6191,307646.5
6192,264214.12
6193,278253.28
6194,278646.35
6195,365098.24
6196,241937.11
6197,288320.38
6198,292859.36
6199,276157.8
6200,276011.4
6201,293953.08
6203,280785.76
6204,279427.93
6205,293984.54
6207,281699.68
6208,285031.81
6209,281514.26
6210,292498.61
6211,289667.55
6212,280357.3
6213,281247.97
6214,299354.67
6215,307095.31
6216,303559.23
6217,308442.49
6218,308950.04
6220,300255.87
6221,296765.59
6222,315273.08
6223,295339.01
6224,289201.21
6225,303108.81
6226,279677.0
6227,298080.45
6229,290909.69
6230,324174.79
6231,309543.52
6232,295811.25
6233,303974.28
6236,312577.36
6240,307126.34
6244,284309.34
6245,304300.91
6292,890689.51
6293,656988.64
6294,841264.04
6295,741891.65
6296,777951.22
6297,765687.42
6298,773819.49
6299,782563.38
6300,877235.96
6301,833782.7
6302,782221.96
6303,749779.1
6304,737265.57
6305,812190.76
6306,758182.2
6307,747888.25
6308,801098.43
6309,837548.62
6310,794698.77
6311,815130.5
6312,792299.15
6313,800147.84
6314,787062.0
6315,723708.99
6316,714601.11
6317,716859.27
6318,746517.32
6319,722262.21
6320,708568.29
6321,721744.33
6322,790144.7
6323,721460.22
6324,716987.58
6325,678228.58
6326,690007.76
6327,745782.1
6328,715263.3
6329,730899.37
6330,732859.76
6331,764014.06
6332,765648.93
6333,723987.85
6334,1182500.16
6335,879244.9
6336,1002364.34
6337,1123282.85
6338,1682862.03
6339,679156.2
6340,680254.35
6341,654018.95
6342,644285.33
6343,617207.58
6344,759442.33
6346,802253.41
6347,733716.78
6348,761880.36
6350,733564.77
6351,719737.25
6352,712425.76
6353,750182.71
6354,765270.02
6355,813630.44
6356,786561.61
6357,810150.64
6358,793889.1
6359,727163.67
6360,817653.25
6361,877423.45
6363,811153.67
6364,762861.78
6365,791495.25
6366,768718.11
6367,748435.2
6368,741625.25
6369,704680.97
6370,765996.92
6372,712362.72
6373,833979.01
6374,726482.39
6375,746129.56
6376,711367.56
6379,753447.05
6383,833429.22
6387,875699.81
6388,957155.31
